1	0	table-0208-550	0
1	0	table-0063-984	0
1	0	table-0352-665	0
1	0	table-1636-532	0
1	0	table-0068-195	0
1	0	table-0298-171	0
1	0	table-0634-698	0
1	0	table-1641-629	2
1	0	table-0634-696	0
1	0	table-0497-852	0
1	0	table-1486-876	0
1	0	table-0228-147	0
1	0	table-0594-486	0
1	0	table-0111-460	0
1	0	table-0298-172	0
1	0	table-0497-854	0
1	0	table-0323-71	0
1	0	table-0634-697	0
1	0	table-0352-666	0
1	0	table-0298-176	0
1	0	table-0550-406	0
1	0	table-0497-855	0
1	0	table-0895-373	0
1	0	table-0829-317	0
1	0	table-0298-168	0
1	0	table-0111-464	0
1	0	table-0928-956	0
1	0	table-1544-642	0
1	0	table-1544-644	0
1	0	table-0895-602	0
1	0	table-0298-178	0
1	0	table-1486-875	0
1	0	table-1560-489	0
1	0	table-0651-985	0
1	0	table-0667-217	0
1	0	table-0127-189	0
1	0	table-0355-437	0
1	0	table-0111-462	0
1	0	table-1640-335	0
1	0	table-0068-197	0
1	0	table-0272-665	0
1	0	table-1486-131	0
1	0	table-1413-847	0
1	0	table-0497-853	0
1	0	table-0605-849	0
1	0	table-0111-463	0
1	0	table-1641-628	2
1	0	table-1639-305	0
1	0	table-0516-791	0
2	0	table-0893-358	1
2	0	table-0592-909	1
2	0	table-1191-229	1
2	0	table-0322-428	0
2	0	table-1061-427	1
2	0	table-0304-608	0
2	0	table-0580-767	1
2	0	table-0935-638	1
2	0	table-0322-414	0
2	0	table-0093-199	2
2	0	table-0305-410	0
2	0	table-0493-716	1
2	0	table-0493-730	1
2	0	table-0760-620	1
2	0	table-1027-708	1
2	0	table-1061-423	0
2	0	table-0305-414	0
2	0	table-0709-537	0
2	0	table-0486-801	1
2	0	table-0522-136	2
2	0	table-1061-416	0
2	0	table-1061-408	0
2	0	table-0304-602	0
2	0	table-0493-265	1
2	0	table-0322-424	0
2	0	table-1061-412	0
2	0	table-1023-505	0
2	0	table-1023-543	0
2	0	table-0493-214	1
2	0	table-0522-132	0
2	0	table-0493-728	1
2	0	table-0493-718	1
2	0	table-1061-261	0
2	0	table-0303-857	0
2	0	table-0514-276	1
2	0	table-0375-619	0
2	0	table-0522-137	2
2	0	table-0493-228	1
2	0	table-0802-649	0
2	0	table-0180-276	0
2	0	table-0522-134	2
2	0	table-0493-758	1
2	0	table-0511-354	1
2	0	table-0893-360	1
2	0	table-0592-869	0
2	0	table-1036-175	0
2	0	table-0306-477	1
2	0	table-0760-709	0
2	0	table-1061-437	0
2	0	table-0522-133	0
2	0	table-0493-263	0
2	0	table-0297-341	1
2	0	table-0511-368	1
2	0	table-0493-735	1
3	0	table-0738-231	0
3	0	table-0169-771	0
3	0	table-0879-29	0
3	0	table-1423-500	0
3	0	table-0277-930	1
3	0	table-0710-494	0
3	0	table-0211-838	0
3	0	table-0485-747	0
3	0	table-1433-368	1
3	0	table-0295-767	1
3	0	table-0100-61	0
3	0	table-0889-668	0
3	0	table-0090-901	0
3	0	table-0892-64	1
3	0	table-1473-883	0
3	0	table-0889-684	0
3	0	table-0085-509	0
3	0	table-1607-810	1
3	0	table-0162-259	0
3	0	table-0004-6	1
3	0	table-0891-77	0
3	0	table-1541-693	1
3	0	table-0879-649	0
3	0	table-0476-198	1
3	0	table-0113-593	0
3	0	table-0536-762	0
3	0	table-1444-91	1
3	0	table-0198-595	0
3	0	table-0456-107	1
3	0	table-0892-65	0
3	0	table-0932-855	0
3	0	table-0142-359	0
3	0	table-0879-650	0
3	0	table-0313-943	0
3	0	table-0904-422	0
3	0	table-0113-531	0
3	0	table-1593-2	0
3	0	table-0358-923	1
3	0	table-0263-852	0
3	0	table-0088-552	0
3	0	table-1483-452	0
3	0	table-0499-520	1
3	0	table-1485-823	1
3	0	table-0389-97	0
3	0	table-0154-518	1
3	0	table-0611-49	0
3	0	table-0891-123	1
3	0	table-1600-493	0
3	0	table-1600-506	1
3	0	table-0276-989	1
3	0	table-1600-474	0
3	0	table-1537-978	0
3	0	table-0503-68	0
3	0	table-1348-735	1
3	0	table-0086-35	0
3	0	table-0629-17	1
3	0	table-0271-647	0
3	0	table-0181-346	0
3	0	table-0113-660	0
3	0	table-1064-354	0
4	0	table-0665-940	2
4	0	table-0321-98	0
4	0	table-0513-310	0
4	0	table-1475-258	0
4	0	table-0791-400	1
4	0	table-1541-760	0
4	0	table-0789-44	0
4	0	table-0364-474	0
4	0	table-1436-798	0
4	0	table-1239-729	0
4	0	table-0324-956	0
4	0	table-0482-618	0
4	0	table-0912-396	0
4	0	table-0827-817	0
4	0	table-0898-723	0
4	0	table-1479-849	0
4	0	table-1316-518	0
4	0	table-1444-163	0
4	0	table-0665-937	1
4	0	table-0180-115	0
4	0	table-0887-878	0
4	0	table-0324-957	0
4	0	table-0665-941	2
4	0	table-0412-911	0
4	0	table-0892-668	0
4	0	table-0567-214	0
4	0	table-0892-667	0
4	0	table-0708-378	0
4	0	table-0093-161	0
4	0	table-0180-117	0
4	0	table-1633-968	0
4	0	table-1204-418	0
4	0	table-1436-779	0
4	0	table-0441-282	0
4	0	table-0833-155	1
4	0	table-0516-22	0
4	0	table-0663-708	0
4	0	table-0194-268	0
4	0	table-0912-395	0
4	0	table-0114-500	0
4	0	table-0412-410	0
4	0	table-0708-367	0
4	0	table-0893-337	0
4	0	table-0928-380	0
4	0	table-0451-534	0
4	0	table-1430-654	0
4	0	table-0114-499	0
4	0	table-1009-170	0
4	0	table-0596-466	0
4	0	table-1268-200	0
4	0	table-1309-431	0
4	0	table-0359-692	0
5	0	table-0959-801	2
5	0	table-0959-805	2
5	0	table-0959-836	1
5	0	table-1606-626	0
5	0	table-0030-976	0
5	0	table-0959-793	1
5	0	table-1257-265	0
5	0	table-0959-825	1
5	0	table-0959-821	1
5	0	table-0959-829	1
5	0	table-0959-794	1
5	0	table-1591-862	0
5	0	table-0295-951	0
5	0	table-0959-837	1
5	0	table-1036-398	0
5	0	table-1309-781	0
5	0	table-1020-732	0
5	0	table-1577-838	0
5	0	table-0959-796	1
5	0	table-0959-830	1
5	0	table-1220-396	0
5	0	table-1407-834	0
5	0	table-0289-600	1
5	0	table-1450-229	0
5	0	table-0959-808	1
5	0	table-1606-622	0
5	0	table-0959-802	2
5	0	table-1486-419	0
5	0	table-0959-840	1
5	0	table-1610-443	0
5	0	table-0959-838	1
5	0	table-1211-542	0
5	0	table-0959-824	1
5	0	table-0959-807	2
5	0	table-0959-798	2
5	0	table-1421-448	0
5	0	table-0479-808	0
5	0	table-1426-188	0
5	0	table-1606-627	0
5	0	table-0959-816	1
5	0	table-0156-796	0
5	0	table-1574-77	0
5	0	table-1309-776	0
5	0	table-0959-809	1
5	0	table-0959-831	1
5	0	table-0657-392	0
5	0	table-0959-813	1
5	0	table-0008-639	0
5	0	table-0464-727	0
5	0	table-1248-154	0
5	0	table-0959-823	1
5	0	table-0959-806	1
5	0	table-0594-893	2
5	0	table-1245-909	0
5	0	table-1452-309	0
5	0	table-0959-810	0
5	0	table-0959-826	1
5	0	table-1461-918	0
5	0	table-1211-466	0
6	0	table-0904-617	0
6	0	table-1493-191	1
6	0	table-0399-299	0
6	0	table-0902-434	0
6	0	table-0385-472	0
6	0	table-1367-505	1
6	0	table-1511-342	0
6	0	table-0098-21	1
6	0	table-0762-698	0
6	0	table-0811-151	0
6	0	table-1323-975	0
6	0	table-1344-477	0
6	0	table-1647-914	0
6	0	table-1319-536	0
6	0	table-0515-63	0
6	0	table-1460-32	0
6	0	table-0398-814	0
6	0	table-0887-808	0
6	0	table-1020-901	0
6	0	table-0903-57	0
6	0	table-1135-150	0
6	0	table-0110-969	0
6	0	table-0214-324	0
6	0	table-1084-861	0
6	0	table-0901-979	0
6	0	table-0399-153	0
6	0	table-1570-22	0
6	0	table-1215-666	0
6	0	table-0994-219	0
6	0	table-0763-943	0
6	0	table-1170-519	0
6	0	table-0110-968	0
6	0	table-0507-126	0
6	0	table-1550-137	0
6	0	table-0811-481	0
6	0	table-1625-268	0
6	0	table-1133-871	0
6	0	table-1604-610	0
6	0	table-1323-34	0
6	0	table-0901-711	0
6	0	table-1603-847	0
6	0	table-1335-940	0
6	0	table-0902-524	0
6	0	table-1517-918	0
6	0	table-0347-755	0
6	0	table-0518-193	0
6	0	table-0901-998	0
6	0	table-0016-641	0
6	0	table-0757-9	0
6	0	table-1523-559	0
6	0	table-0932-891	0
6	0	table-0110-966	0
6	0	table-0996-532	0
6	0	table-0997-115	0
6	0	table-1155-759	0
6	0	table-1389-256	0
7	0	table-1129-254	2
7	0	table-0729-770	0
7	0	table-0709-240	0
7	0	table-1136-108	0
7	0	table-1121-963	0
7	0	table-0709-238	0
7	0	table-1134-577	0
7	0	table-1136-121	0
7	0	table-1136-104	0
7	0	table-1136-96	0
7	0	table-0620-801	1
7	0	table-0382-739	0
7	0	table-0334-301	0
7	0	table-1479-976	0
7	0	table-0892-229	0
7	0	table-1428-578	0
7	0	table-0128-688	1
7	0	table-0892-230	0
7	0	table-0130-857	2
7	0	table-0709-234	0
7	0	table-0334-292	0
7	0	table-1136-136	0
7	0	table-1461-663	0
7	0	table-0593-519	0
7	0	table-1452-206	0
7	0	table-0393-618	0
7	0	table-1582-361	0
7	0	table-1582-344	0
7	0	table-1134-574	1
7	0	table-1136-139	0
7	0	table-1412-123	0
7	0	table-1136-114	0
7	0	table-0890-933	1
7	0	table-0939-168	2
7	0	table-0334-288	0
7	0	table-1485-629	0
7	0	table-1081-572	2
7	0	table-0891-642	0
7	0	table-1550-126	0
7	0	table-0427-580	0
7	0	table-1233-804	0
7	0	table-0729-769	0
7	0	table-1134-587	0
7	0	table-0989-50	1
7	0	table-1081-553	2
7	0	table-1449-601	0
7	0	table-0891-576	0
7	0	table-0756-760	0
7	0	table-0710-281	0
7	0	table-1280-372	0
7	0	table-0705-57	0
8	0	table-0416-279	0
8	0	table-0416-273	0
8	0	table-1376-363	2
8	0	table-0952-175	1
8	0	table-0416-345	0
8	0	table-1245-716	1
8	0	table-1358-486	0
8	0	table-0633-143	0
8	0	table-1611-671	0
8	0	table-0179-67	0
8	0	table-1427-38	0
8	0	table-1376-393	2
8	0	table-0709-957	1
8	0	table-1611-668	0
8	0	table-1427-376	0
8	0	table-0191-376	0
8	0	table-1427-43	0
8	0	table-0178-448	0
8	0	table-1454-350	0
8	0	table-0438-117	0
8	0	table-1158-68	0
8	0	table-1450-746	0
8	0	table-0401-671	0
8	0	table-1304-846	2
8	0	table-1376-342	2
8	0	table-0632-998	0
8	0	table-1376-406	2
8	0	table-0277-234	0
8	0	table-0952-134	0
8	0	table-1611-669	0
8	0	table-0190-305	0
8	0	table-0889-592	0
8	0	table-1633-432	0
8	0	table-0382-915	0
8	0	table-1376-410	2
8	0	table-0190-802	0
8	0	table-1118-975	0
8	0	table-0633-146	0
8	0	table-1085-890	1
8	0	table-0383-380	0
8	0	table-0417-339	0
8	0	table-1427-377	0
8	0	table-1427-37	0
8	0	table-0406-167	0
8	0	table-0632-630	0
8	0	table-1376-303	2
8	0	table-0952-183	1
8	0	table-1611-670	0
8	0	table-0347-509	0
8	0	table-1376-370	2
8	0	table-1376-382	2
8	0	table-1245-719	0
8	0	table-1633-434	1
9	0	table-1172-908	0
9	0	table-1237-720	2
9	0	table-0153-407	0
9	0	table-0658-162	0
9	0	table-0660-216	0
9	0	table-1237-733	2
9	0	table-1238-276	2
9	0	table-1224-29	0
9	0	table-1172-746	0
9	0	table-1224-40	0
9	0	table-1167-536	0
9	0	table-1238-299	2
9	0	table-1224-33	1
9	0	table-1022-519	0
9	0	table-1238-230	2
9	0	table-1237-726	2
9	0	table-1172-964	0
9	0	table-1172-933	0
9	0	table-1003-641	0
9	0	table-1237-971	2
9	0	table-1224-50	1
9	0	table-1171-836	0
9	0	table-1238-771	1
9	0	table-1167-622	0
9	0	table-1172-724	0
9	0	table-0659-483	0
9	0	table-1237-824	2
9	0	table-1238-744	1
9	0	table-1171-368	0
9	0	table-1238-304	2
9	0	table-1335-71	0
9	0	table-1238-278	1
9	0	table-1238-213	2
9	0	table-1005-205	0
9	0	table-1172-628	0
9	0	table-1238-692	1
9	0	table-1064-398	0
9	0	table-1237-938	2
9	0	table-1237-980	2
9	0	table-1238-996	1
9	0	table-1224-47	1
9	0	table-0817-378	0
9	0	table-0373-693	0
9	0	table-1238-763	1
9	0	table-0659-568	0
9	0	table-1237-440	2
9	0	table-1606-506	0
9	0	table-1238-228	1
9	0	table-1238-288	2
10	0	table-0703-518	0
10	0	table-1496-41	0
10	0	table-1597-670	0
10	0	table-0525-382	0
10	0	table-1084-803	0
10	0	table-0828-690	0
10	0	table-1344-417	0
10	0	table-1542-831	0
10	0	table-1549-450	0
10	0	table-0098-21	0
10	0	table-1594-476	0
10	0	table-0751-775	0
10	0	table-1323-975	0
10	0	table-0010-523	0
10	0	table-0820-336	0
10	0	table-0693-838	0
10	0	table-1583-602	0
10	0	table-0511-405	0
10	0	table-1319-536	0
10	0	table-0511-110	0
10	0	table-0398-814	0
10	0	table-1135-435	0
10	0	table-1371-574	0
10	0	table-1526-886	0
10	0	table-1135-150	0
10	0	table-0362-928	0
10	0	table-0110-969	0
10	0	table-0214-324	0
10	0	table-1396-419	0
10	0	table-1468-214	0
10	0	table-0036-932	0
10	0	table-0622-78	0
10	0	table-1063-915	0
10	0	table-0763-943	0
10	0	table-1170-519	0
10	0	table-0110-968	0
10	0	table-0481-545	0
10	0	table-1552-210	0
10	0	table-1133-871	0
10	0	table-1323-34	0
10	0	table-0481-525	0
10	0	table-1549-457	0
10	0	table-0901-711	0
10	0	table-0042-992	0
10	0	table-0804-289	0
10	0	table-1550-140	0
10	0	table-1073-286	0
10	0	table-0138-140	0
10	0	table-0993-655	0
10	0	table-0086-336	0
10	0	table-0757-9	0
10	0	table-1365-18	0
10	0	table-1494-344	0
10	0	table-1549-281	0
10	0	table-0869-109	0
10	0	table-0110-966	0
10	0	table-0628-957	0
10	0	table-0355-881	0
10	0	table-1352-623	0
11	0	table-1125-405	0
11	0	table-1584-409	1
11	0	table-1260-976	0
11	0	table-1590-686	0
11	0	table-1236-628	0
11	0	table-1523-506	0
11	0	table-1636-279	0
11	0	table-1525-585	1
11	0	table-0277-798	0
11	0	table-1438-253	1
11	0	table-1521-669	0
11	0	table-0164-592	1
11	0	table-0806-604	0
11	0	table-1636-303	0
11	0	table-1239-612	0
11	0	table-1389-72	1
11	0	table-1438-229	1
11	0	table-1253-22	0
11	0	table-1636-277	0
11	0	table-1399-39	0
11	0	table-1125-366	0
11	0	table-1125-383	0
11	0	table-0058-909	0
11	0	table-1590-693	0
11	0	table-0876-466	0
11	0	table-0565-401	0
11	0	table-1125-355	0
11	0	table-0058-782	0
11	0	table-0058-914	0
11	0	table-1228-378	0
11	0	table-1636-305	0
11	0	table-1125-341	0
11	0	table-0580-414	0
11	0	table-0567-821	0
11	0	table-1590-648	0
11	0	table-1590-687	0
11	0	table-0806-174	0
11	0	table-1388-716	0
11	0	table-1438-261	1
11	0	table-0164-594	0
11	0	table-0901-609	0
11	0	table-0522-462	0
11	0	table-0565-752	0
11	0	table-0327-263	1
11	0	table-0164-597	2
11	0	table-1636-296	0
11	0	table-1421-447	0
11	0	table-1438-230	1
11	0	table-1636-302	0
11	0	table-1521-652	0
12	0	table-1600-216	2
12	0	table-0001-967	0
12	0	table-0796-642	0
12	0	table-0484-623	2
12	0	table-0892-350	0
12	0	table-0796-645	0
12	0	table-1601-64	2
12	0	table-1453-72	2
12	0	table-0796-649	0
12	0	table-1578-212	0
12	0	table-0532-111	0
12	0	table-0001-968	0
12	0	table-1620-797	0
12	0	table-1620-674	0
12	0	table-1442-664	0
12	0	table-0796-651	0
12	0	table-0439-378	2
12	0	table-0432-396	2
12	0	table-1572-768	0
12	0	table-1620-851	0
12	0	table-0425-7	2
12	0	table-0347-565	0
12	0	table-0439-147	1
12	0	table-0425-30	2
12	0	table-0439-309	2
12	0	table-0879-327	0
12	0	table-0893-991	0
12	0	table-0796-658	0
12	0	table-0440-212	2
12	0	table-1600-218	2
12	0	table-1620-853	0
12	0	table-0439-351	2
12	0	table-0431-469	2
12	0	table-1620-933	0
12	0	table-0796-640	0
12	0	table-0796-647	0
12	0	table-1488-946	2
12	0	table-1600-344	2
12	0	table-0489-587	2
12	0	table-0796-638	0
12	0	table-1383-413	0
12	0	table-1600-217	2
12	0	table-0475-391	0
12	0	table-1383-416	0
12	0	table-1620-676	0
12	0	table-1620-659	0
12	0	table-0796-636	0
12	0	table-1600-252	2
12	0	table-0001-673	0
12	0	table-0001-602	0
12	0	table-0796-646	0
12	0	table-0001-966	0
12	0	table-0796-653	0
12	0	table-0796-644	0
12	0	table-1605-480	0
12	0	table-0440-216	2
12	0	table-0489-581	2
12	0	table-0892-253	0
12	0	table-1600-214	2
12	0	table-0439-366	2
12	0	table-1600-219	2
12	0	table-0492-954	2
12	0	table-1383-73	0
12	0	table-0439-392	1
13	0	table-1343-440	0
13	0	table-1604-543	0
13	0	table-0839-258	0
13	0	table-0607-169	1
13	0	table-0612-918	1
13	0	table-1621-850	2
13	0	table-1028-539	0
13	0	table-0960-437	0
13	0	table-1069-867	1
13	0	table-0830-450	1
13	0	table-1219-525	0
13	0	table-1322-182	0
13	0	table-0230-91	0
13	0	table-0830-461	1
13	0	table-0982-448	0
13	0	table-1332-348	1
13	0	table-1621-827	0
13	0	table-0310-395	0
13	0	table-1496-11	0
13	0	table-0982-447	0
13	0	table-1458-326	1
13	0	table-0837-652	0
13	0	table-0717-735	0
13	0	table-1491-803	0
13	0	table-1159-961	0
13	0	table-1610-373	0
13	0	table-1458-376	0
13	0	table-0367-779	0
13	0	table-1437-51	0
13	0	table-0683-528	0
13	0	table-1295-863	0
13	0	table-1178-740	0
13	0	table-0982-446	0
13	0	table-0758-595	0
13	0	table-0998-26	1
13	0	table-0614-972	0
13	0	table-0965-262	0
13	0	table-1237-297	0
13	0	table-1262-967	0
13	0	table-0997-181	0
13	0	table-1507-726	0
13	0	table-1241-129	0
13	0	table-0479-223	0
13	0	table-0812-844	0
13	0	table-1186-904	0
13	0	table-0518-614	0
14	0	table-0196-761	0
14	0	table-1581-853	0
14	0	table-1402-391	0
14	0	table-0883-722	0
14	0	table-0901-244	0
14	0	table-0773-880	0
14	0	table-1619-783	0
14	0	table-0003-506	0
14	0	table-0069-544	0
14	0	table-0773-889	0
14	0	table-0004-174	0
14	0	table-0932-961	0
14	0	table-1031-119	0
14	0	table-0902-521	0
14	0	table-0711-146	0
14	0	table-0090-653	0
14	0	table-1575-478	0
14	0	table-0679-769	0
14	0	table-1402-393	0
14	0	table-0886-112	0
14	0	table-0695-716	0
14	0	table-1262-100	0
14	0	table-0908-435	0
14	0	table-0711-131	0
14	0	table-1026-309	0
14	0	table-0021-890	0
14	0	table-0711-129	0
14	0	table-1586-720	0
14	0	table-0893-246	0
14	0	table-0773-887	0
14	0	table-0283-181	0
14	0	table-1541-888	0
14	0	table-1054-698	0
14	0	table-0660-946	0
14	0	table-1345-391	0
14	0	table-0933-733	0
14	0	table-0929-957	0
14	0	table-0751-734	0
14	0	table-1454-464	0
14	0	table-0541-141	0
14	0	table-0773-900	0
14	0	table-0891-469	0
14	0	table-1008-49	0
14	0	table-1651-482	0
14	0	table-0773-895	0
14	0	table-0786-197	0
14	0	table-1402-394	0
14	0	table-0277-856	0
14	0	table-0820-51	0
14	0	table-0189-711	0
14	0	table-0216-493	0
14	0	table-0528-499	0
14	0	table-0773-891	0
14	0	table-1203-842	0
14	0	table-0230-971	0
14	0	table-0711-130	0
14	0	table-0751-723	0
14	0	table-1041-825	0
14	0	table-1051-953	0
14	0	table-0679-770	0
14	0	table-1096-88	0
14	0	table-1182-32	0
14	0	table-0730-365	0
14	0	table-0888-606	0
14	0	table-0126-836	0
14	0	table-0711-148	0
14	0	table-1228-526	0
14	0	table-0773-875	0
14	0	table-0773-753	0
14	0	table-0564-624	0
14	0	table-0773-876	0
14	0	table-0711-120	0
14	0	table-1402-392	0
15	0	table-0455-325	1
15	0	table-0863-634	0
15	0	table-0305-951	2
15	0	table-0306-651	0
15	0	table-1049-882	0
15	0	table-0425-33	2
15	0	table-0680-626	0
15	0	table-1048-581	1
15	0	table-0397-329	0
15	0	table-0309-234	0
15	0	table-0144-94	0
15	0	table-0426-759	0
15	0	table-0397-317	0
15	0	table-0667-805	0
15	0	table-1048-558	0
15	0	table-1095-872	0
15	0	table-0305-844	0
15	0	table-0306-646	0
15	0	table-0336-936	0
15	0	table-0152-576	0
15	0	table-0397-330	1
15	0	table-0486-657	0
15	0	table-1280-600	0
15	0	table-0461-118	1
15	0	table-0461-375	1
15	0	table-1495-756	0
15	0	table-0305-827	0
15	0	table-0646-216	0
15	0	table-1280-598	0
15	0	table-0646-203	1
15	0	table-0461-360	1
15	0	table-1049-910	0
15	0	table-0397-327	0
15	0	table-0991-571	0
15	0	table-0424-776	0
15	0	table-1280-582	0
15	0	table-0397-328	0
15	0	table-0668-198	0
15	0	table-0461-335	1
15	0	table-0965-103	0
15	0	table-1304-466	0
15	0	table-1280-583	0
15	0	table-0643-828	0
15	0	table-1048-539	0
15	0	table-0863-576	0
15	0	table-0976-949	0
15	0	table-0397-331	0
15	0	table-0388-151	1
15	0	table-0676-773	0
15	0	table-0863-572	0
15	0	table-1049-896	0
15	0	table-0680-171	0
15	0	table-1078-895	0
15	0	table-0461-552	1
15	0	table-0446-479	1
15	0	table-0231-982	0
16	0	table-0061-561	0
16	0	table-1238-557	0
16	0	table-0337-294	0
16	0	table-0338-618	0
16	0	table-1245-269	0
16	0	table-1335-262	0
16	0	table-1387-156	0
16	0	table-1494-692	0
16	0	table-1268-162	0
16	0	table-0337-336	0
16	0	table-1617-6	1
16	0	table-0931-76	0
16	0	table-0337-66	0
16	0	table-0337-15	0
16	0	table-0410-207	0
16	0	table-1639-201	0
16	0	table-1482-423	0
16	0	table-0337-186	0
16	0	table-0300-913	2
16	0	table-0235-485	0
16	0	table-0286-258	0
16	0	table-1044-527	0
16	0	table-0931-162	0
16	0	table-0300-915	2
16	0	table-1499-936	0
16	0	table-0891-920	0
16	0	table-0295-273	0
16	0	table-1496-106	0
16	0	table-0427-413	0
16	0	table-1069-561	0
16	0	table-1479-733	0
16	0	table-1653-607	0
16	0	table-1634-970	0
16	0	table-0300-912	2
16	0	table-0292-973	0
16	0	table-0212-889	0
16	0	table-1496-108	0
16	0	table-1087-575	0
16	0	table-0931-189	0
16	0	table-0300-914	2
16	0	table-0427-475	0
16	0	table-0291-283	0
16	0	table-0337-559	0
16	0	table-1549-124	0
16	0	table-1563-735	0
16	0	table-1482-449	0
16	0	table-0227-444	0
16	0	table-1071-88	0
16	0	table-1002-10	0
16	0	table-0300-908	2
16	0	table-0427-247	0
16	0	table-0405-197	0
16	0	table-1098-667	0
16	0	table-0931-192	0
16	0	table-0427-225	0
16	0	table-1479-734	0
16	0	table-1479-724	0
16	0	table-1424-988	0
16	0	table-0337-447	0
16	0	table-0337-194	0
16	0	table-1479-736	0
16	0	table-1013-971	0
16	0	table-1621-737	0
16	0	table-0427-212	0
16	0	table-1496-105	0
16	0	table-1052-568	0
16	0	table-0427-559	0
16	0	table-1621-734	0
17	0	table-0809-727	0
17	0	table-1614-222	0
17	0	table-1165-119	0
17	0	table-0598-840	0
17	0	table-1600-753	0
17	0	table-0886-589	0
17	0	table-1344-97	0
17	0	table-0461-300	0
17	0	table-1165-234	1
17	0	table-0023-615	0
17	0	table-1559-809	0
17	0	table-0207-946	0
17	0	table-1600-750	0
17	0	table-1165-232	1
17	0	table-0694-841	0
17	0	table-1027-77	0
17	0	table-0506-53	0
17	0	table-1095-399	0
17	0	table-1643-677	0
17	0	table-0995-294	0
17	0	table-0995-297	0
17	0	table-0813-772	0
17	0	table-1094-401	0
17	0	table-1165-120	1
17	0	table-0700-79	0
17	0	table-0366-982	0
17	0	table-1165-121	1
17	0	table-1164-863	1
17	0	table-1324-269	0
17	0	table-0883-637	0
17	0	table-1600-755	0
17	0	table-1430-589	2
17	0	table-1430-590	2
17	0	table-1600-756	0
17	0	table-1227-560	0
17	0	table-1164-850	1
17	0	table-1127-469	0
17	0	table-0093-24	0
17	0	table-1309-629	0
17	0	table-1164-857	1
17	0	table-1164-861	1
17	0	table-0880-604	0
17	0	table-1424-43	0
17	0	table-0572-900	0
17	0	table-0273-64	0
17	0	table-1164-856	1
17	0	table-0004-522	0
17	0	table-1601-476	0
17	0	table-1128-137	0
17	0	table-0451-860	0
17	0	table-1178-739	0
17	0	table-0678-493	0
17	0	table-1165-253	1
17	0	table-1164-859	1
17	0	table-0506-46	0
17	0	table-1165-122	1
17	0	table-0506-55	0
17	0	table-0500-70	0
17	0	table-1360-937	0
17	0	table-0841-601	0
17	0	table-1600-759	0
17	0	table-1164-855	1
17	0	table-1165-242	1
17	0	table-1393-963	0
18	0	table-1101-577	0
18	0	table-1651-857	0
18	0	table-1100-711	0
18	0	table-0510-674	0
18	0	table-1105-10	0
18	0	table-1619-497	0
18	0	table-1421-586	0
18	0	table-1422-597	0
18	0	table-1479-565	0
18	0	table-0772-145	1
18	0	table-0135-767	0
18	0	table-1619-474	0
18	0	table-1320-118	2
18	0	table-1223-140	0
18	0	table-1048-817	0
18	0	table-1048-810	0
18	0	table-1023-968	0
18	0	table-0772-130	1
18	0	table-1382-653	0
18	0	table-1055-725	0
18	0	table-1048-801	0
18	0	table-1048-794	0
18	0	table-0313-168	0
18	0	table-1233-758	0
18	0	table-0772-168	1
18	0	table-0426-832	0
18	0	table-0135-768	0
18	0	table-1320-113	2
18	0	table-1048-897	0
18	0	table-1453-68	0
18	0	table-0001-368	0
18	0	table-1048-781	0
18	0	table-1048-895	0
18	0	table-1320-116	2
18	0	table-0772-174	1
18	0	table-1248-140	0
18	0	table-1038-220	0
18	0	table-1320-105	2
18	0	table-0170-760	0
18	0	table-0269-247	0
18	0	table-1611-791	0
18	0	table-1083-606	0
18	0	table-0510-702	0
18	0	table-1320-115	2
18	0	table-0170-759	0
18	0	table-1653-369	0
18	0	table-1072-591	0
18	0	table-1639-576	0
18	0	table-1450-1	0
18	0	table-1048-813	0
18	0	table-0322-993	0
18	0	table-1320-121	2
18	0	table-1320-108	2
18	0	table-1320-114	2
18	0	table-0313-709	0
18	0	table-1320-123	2
18	0	table-0313-131	0
18	0	table-1479-217	0
18	0	table-1048-802	0
18	0	table-0313-223	0
18	0	table-0313-810	0
19	0	table-0472-67	0
19	0	table-0815-148	1
19	0	table-1056-433	1
19	0	table-1285-477	1
19	0	table-0750-532	0
19	0	table-1164-548	1
19	0	table-0681-248	0
19	0	table-0472-69	0
19	0	table-0410-680	0
19	0	table-1024-495	1
19	0	table-0891-8	0
19	0	table-0916-174	0
19	0	table-0888-93	0
19	0	table-1388-141	0
19	0	table-0921-106	1
19	0	table-1317-140	0
19	0	table-1055-261	0
19	0	table-1632-801	0
19	0	table-0472-58	0
19	0	table-0934-227	0
19	0	table-0191-919	0
19	0	table-0887-495	0
19	0	table-0815-227	1
19	0	table-0890-52	1
19	0	table-0082-157	0
19	0	table-0082-156	0
19	0	table-0986-744	0
19	0	table-1334-136	0
19	0	table-1040-903	1
19	0	table-1199-206	1
19	0	table-0977-243	1
19	0	table-1026-526	1
19	0	table-1197-671	1
19	0	table-0902-606	1
19	0	table-0472-64	0
19	0	table-0889-257	1
19	0	table-0902-566	0
19	0	table-0861-326	0
19	0	table-0472-68	0
19	0	table-0778-364	1
19	0	table-0921-441	1
19	0	table-0864-452	0
19	0	table-0888-17	1
19	0	table-0684-731	1
19	0	table-0967-112	0
19	0	table-0824-440	0
19	0	table-1199-240	1
19	0	table-1048-128	0
19	0	table-0822-810	0
19	0	table-0365-253	0
19	0	table-0887-423	0
19	0	table-0903-216	1
19	0	table-0723-966	0
19	0	table-0822-361	0
19	0	table-0815-197	0
20	0	table-0033-501	1
20	0	table-1275-427	1
20	0	table-0036-7	1
20	0	table-0466-387	0
20	0	table-0229-125	1
20	0	table-1273-38	1
20	0	table-0046-246	1
20	0	table-0683-427	1
20	0	table-1475-635	0
20	0	table-1651-9	1
20	0	table-0526-7	0
20	0	table-0030-23	1
20	0	table-0685-231	1
20	0	table-1313-382	0
20	0	table-0165-48	1
20	0	table-0026-60	1
20	0	table-0030-113	1
20	0	table-0678-760	1
20	0	table-0230-555	0
20	0	table-1254-568	1
20	0	table-0683-419	1
20	0	table-0077-69	1
20	0	table-0877-846	1
20	0	table-0705-349	0
20	0	table-1511-949	0
20	0	table-0502-530	0
20	0	table-1042-23	0
20	0	table-0670-866	0
20	0	table-0046-577	1
20	0	table-1630-505	1
20	0	table-0377-892	1
20	0	table-0031-135	1
20	0	table-1550-393	0
20	0	table-0683-552	0
20	0	table-0472-879	1
20	0	table-0079-902	1
20	0	table-0094-91	1
20	0	table-0117-282	1
20	0	table-0049-377	1
20	0	table-0042-911	0
20	0	table-1295-538	0
20	0	table-0032-494	1
20	0	table-0032-318	1
20	0	table-0057-352	1
20	0	table-0239-268	0
20	0	table-1617-24	1
20	0	table-0434-900	0
20	0	table-0031-742	1
20	0	table-0165-98	1
20	0	table-0030-307	1
20	0	table-0034-49	0
20	0	table-1254-554	1
20	0	table-0029-26	1
20	0	table-0032-107	1
20	0	table-0072-259	1
20	0	table-0032-492	1
20	0	table-0551-75	0
20	0	table-0388-833	0
20	0	table-0168-74	0
20	0	table-1621-117	0
20	0	table-1652-685	0
20	0	table-1172-761	0
20	0	table-1015-437	0
20	0	table-1403-374	0
20	0	table-0678-784	1
20	0	table-1561-91	0
20	0	table-1511-673	0
21	0	table-0657-515	0
21	0	table-0136-798	0
21	0	table-0245-51	0
21	0	table-0394-826	0
21	0	table-1557-775	0
21	0	table-1108-422	0
21	0	table-1489-188	0
21	0	table-0617-776	0
21	0	table-0239-384	0
21	0	table-1407-183	0
21	0	table-1335-519	0
21	0	table-0136-793	0
21	0	table-0311-757	0
21	0	table-1172-766	0
21	0	table-0878-338	2
21	0	table-1344-921	0
21	0	table-1172-767	0
21	0	table-0038-88	0
21	0	table-1313-341	0
21	0	table-0251-510	0
21	0	table-0893-884	0
21	0	table-0136-796	0
21	0	table-0001-104	0
21	0	table-0394-829	0
21	0	table-1172-773	0
21	0	table-1651-140	0
21	0	table-1416-809	0
21	0	table-0061-942	0
21	0	table-1274-66	0
21	0	table-0657-510	0
21	0	table-0878-340	2
21	0	table-0617-775	0
21	0	table-1416-808	0
21	0	table-0878-339	2
21	0	table-0205-425	0
21	0	table-1230-704	0
21	0	table-0273-163	0
21	0	table-1172-776	0
21	0	table-1233-105	0
21	0	table-0657-519	0
21	0	table-1230-705	0
21	0	table-1161-63	0
21	0	table-0136-794	0
21	0	table-1472-132	0
21	0	table-0617-774	0
21	0	table-0136-797	0
21	0	table-0136-795	0
22	0	table-0983-621	0
22	0	table-0407-569	0
22	0	table-0208-713	0
22	0	table-1351-472	0
22	0	table-1639-365	0
22	0	table-0003-101	0
22	0	table-1641-647	0
22	0	table-1333-138	0
22	0	table-1074-558	0
22	0	table-1573-178	0
22	0	table-1634-564	0
22	0	table-0124-585	1
22	0	table-1634-694	0
22	0	table-0001-142	0
22	0	table-1573-177	0
22	0	table-0208-712	0
22	0	table-1606-739	0
22	0	table-0370-952	0
22	0	table-1633-668	0
22	0	table-1638-195	0
22	0	table-1606-593	0
22	0	table-0885-771	0
22	0	table-0126-70	1
22	0	table-1555-271	1
22	0	table-1634-714	0
22	0	table-0606-126	1
22	0	table-0407-572	0
22	0	table-1628-45	0
22	0	table-0086-488	1
22	0	table-0313-53	0
22	0	table-0171-333	0
22	0	table-1296-810	0
22	0	table-1634-950	0
22	0	table-1314-564	0
22	0	table-0319-24	1
22	0	table-1614-348	0
22	0	table-1634-947	0
22	0	table-1351-469	0
22	0	table-1578-936	0
22	0	table-1634-841	0
22	0	table-0160-481	0
22	0	table-1628-46	0
22	0	table-0064-262	0
22	0	table-0005-288	0
22	0	table-1078-339	0
22	0	table-0026-896	1
22	0	table-1578-939	0
22	0	table-1630-17	0
22	0	table-1645-91	0
22	0	table-1503-792	0
22	0	table-1621-138	0
22	0	table-0160-441	0
22	0	table-0154-77	0
22	0	table-1633-660	0
22	0	table-1649-380	1
22	0	table-1333-144	0
22	0	table-0003-105	1
22	0	table-0085-538	1
22	0	table-0154-85	0
23	0	table-0130-439	0
23	0	table-1613-502	0
23	0	table-0955-888	0
23	0	table-0596-945	2
23	0	table-0462-511	1
23	0	table-0596-908	2
23	0	table-0596-961	2
23	0	table-0596-968	2
23	0	table-1613-494	0
23	0	table-0894-818	1
23	0	table-0596-963	2
23	0	table-0596-939	2
23	0	table-0596-914	2
23	0	table-1608-17	0
23	0	table-1613-489	0
23	0	table-0350-583	0
23	0	table-0564-587	0
23	0	table-1451-846	0
23	0	table-0596-971	2
23	0	table-0596-909	2
23	0	table-1594-765	0
23	0	table-0596-967	2
23	0	table-0596-921	2
23	0	table-0596-938	2
23	0	table-0596-952	2
23	0	table-0596-910	2
23	0	table-0354-771	0
23	0	table-0596-907	2
23	0	table-1581-642	0
23	0	table-0563-645	0
23	0	table-0596-931	2
23	0	table-1403-288	0
23	0	table-0462-546	0
23	0	table-0278-882	0
23	0	table-0141-496	0
23	0	table-0596-956	2
23	0	table-0596-970	2
23	0	table-0241-501	0
23	0	table-0596-955	0
23	0	table-0596-933	2
23	0	table-0434-797	0
23	0	table-1473-306	0
23	0	table-1613-497	0
23	0	table-0596-919	0
23	0	table-1274-943	0
23	0	table-1644-433	0
23	0	table-0596-906	2
23	0	table-1571-495	0
23	0	table-1631-355	0
23	0	table-0596-958	1
23	0	table-0596-928	2
23	0	table-1451-844	0
23	0	table-0596-917	2
23	0	table-0596-949	1
23	0	table-1130-483	0
23	0	table-0596-969	2
23	0	table-0596-965	1
23	0	table-0462-541	0
23	0	table-1498-338	0
24	0	table-1423-400	0
24	0	table-1546-245	0
24	0	table-0854-214	1
24	0	table-1639-46	1
24	0	table-0859-118	2
24	0	table-0301-425	0
24	0	table-1453-788	0
24	0	table-1004-724	0
24	0	table-0446-149	0
24	0	table-1478-796	0
24	0	table-0891-613	0
24	0	table-0638-16	0
24	0	table-1244-125	0
24	0	table-1090-36	1
24	0	table-0978-684	0
24	0	table-0248-416	0
24	0	table-1274-245	0
24	0	table-1235-115	0
24	0	table-0868-74	0
24	0	table-1015-697	0
24	0	table-1629-90	0
24	0	table-1393-109	0
24	0	table-0619-522	0
24	0	table-1427-302	1
24	0	table-0931-335	0
24	0	table-1505-112	0
24	0	table-0718-820	0
24	0	table-1259-602	0
24	0	table-0670-484	0
24	0	table-1029-536	0
24	0	table-0657-873	0
24	0	table-1573-47	0
24	0	table-1649-207	0
24	0	table-0641-949	0
24	0	table-1481-225	0
24	0	table-1471-622	0
24	0	table-1014-626	0
24	0	table-1274-244	0
24	0	table-0248-427	0
24	0	table-1015-536	0
24	0	table-1651-923	0
24	0	table-1481-793	0
24	0	table-1639-589	0
24	0	table-1007-249	0
24	0	table-1504-537	0
24	0	table-1101-912	0
24	0	table-1224-801	0
24	0	table-1644-141	0
24	0	table-1455-230	0
24	0	table-0859-119	2
24	0	table-1465-355	0
24	0	table-0728-424	0
24	0	table-0713-672	0
24	0	table-0868-76	1
24	0	table-1593-99	0
24	0	table-1009-966	0
24	0	table-1114-591	0
24	0	table-0852-272	1
25	0	table-1285-919	0
25	0	table-1592-253	1
25	0	table-0086-635	2
25	0	table-0081-770	2
25	0	table-0081-676	2
25	0	table-0096-143	1
25	0	table-0081-785	2
25	0	table-1599-835	2
25	0	table-0081-810	2
25	0	table-0081-693	2
25	0	table-1563-507	2
25	0	table-1592-228	2
25	0	table-0096-141	2
25	0	table-0081-817	2
25	0	table-0482-32	0
25	0	table-1592-238	2
25	0	table-0481-52	0
25	0	table-1639-722	0
25	0	table-0481-27	0
25	0	table-0482-758	0
25	0	table-1019-578	0
25	0	table-0482-198	0
25	0	table-1585-294	2
25	0	table-1563-509	1
25	0	table-0082-623	0
25	0	table-0095-493	2
25	0	table-0886-29	0
25	0	table-1563-460	1
25	0	table-1563-461	1
25	0	table-0086-641	2
25	0	table-0206-80	0
25	0	table-1599-822	0
25	0	table-1570-843	2
25	0	table-0095-485	2
25	0	table-0481-722	0
25	0	table-0095-494	1
25	0	table-0081-853	2
25	0	table-1570-836	2
25	0	table-0032-975	0
25	0	table-1565-775	2
25	0	table-0096-129	2
25	0	table-1592-251	2
25	0	table-1592-230	1
25	0	table-0268-868	0
25	0	table-0081-818	0
25	0	table-0086-648	2
25	0	table-0081-718	0
25	0	table-1087-331	0
25	0	table-0483-274	0
25	0	table-0096-163	2
25	0	table-1565-771	2
25	0	table-1592-240	1
25	0	table-0081-717	2
25	0	table-0615-448	0
25	0	table-0657-92	0
25	0	table-0483-368	0
25	0	table-0705-181	0
25	0	table-0481-581	0
25	0	table-0081-705	2
25	0	table-0096-131	1
25	0	table-0482-938	0
26	0	table-0001-171	0
26	0	table-0892-815	0
26	0	table-0324-944	0
26	0	table-0892-679	0
26	0	table-0493-752	0
26	0	table-1035-79	0
26	0	table-1063-274	0
26	0	table-0992-683	0
26	0	table-0412-398	0
26	0	table-0902-848	0
26	0	table-1012-140	0
26	0	table-1064-529	0
26	0	table-1060-602	0
26	0	table-1296-375	0
26	0	table-1081-90	0
26	0	table-1023-653	0
26	0	table-1037-843	0
26	0	table-0742-830	2
26	0	table-1036-566	0
26	0	table-1008-677	0
26	0	table-1064-489	0
26	0	table-0999-582	0
26	0	table-0395-98	0
26	0	table-0933-976	0
26	0	table-0050-849	0
26	0	table-1066-115	0
26	0	table-0674-701	1
26	0	table-0982-924	0
26	0	table-0131-972	0
26	0	table-0058-547	0
26	0	table-1614-2	0
26	0	table-1007-378	0
26	0	table-0980-203	0
26	0	table-0890-340	0
26	0	table-0999-938	0
26	0	table-0978-946	0
26	0	table-1012-379	0
26	0	table-0893-197	0
26	0	table-0931-400	0
26	0	table-0933-998	0
26	0	table-1036-994	0
26	0	table-0962-738	0
26	0	table-1518-395	0
26	0	table-1074-850	0
26	0	table-0313-913	0
26	0	table-0141-487	0
26	0	table-1007-863	0
26	0	table-0890-510	0
26	0	table-0892-678	0
26	0	table-0999-862	0
26	0	table-0891-656	0
26	0	table-1073-639	0
26	0	table-1203-717	0
26	0	table-0489-805	0
26	0	table-1342-594	0
26	0	table-0508-723	0
26	0	table-1055-55	0
26	0	table-0008-423	0
26	0	table-1285-246	0
26	0	table-0892-680	0
26	0	table-0886-998	0
26	0	table-1000-772	0
26	0	table-1037-210	0
26	0	table-1073-582	0
26	0	table-0504-183	0
26	0	table-0313-939	0
26	0	table-1008-680	0
26	0	table-1070-570	0
27	0	table-1202-521	0
27	0	table-1073-648	0
27	0	table-0843-774	0
27	0	table-1073-605	0
27	0	table-1005-100	0
27	0	table-1064-869	0
27	0	table-1004-616	1
27	0	table-1004-617	1
27	0	table-0993-449	0
27	0	table-1064-847	0
27	0	table-1202-585	0
27	0	table-0360-943	0
27	0	table-1004-609	1
27	0	table-0459-477	0
27	0	table-0937-258	1
27	0	table-0937-256	1
27	0	table-1073-616	0
27	0	table-0353-153	0
27	0	table-1004-607	1
27	0	table-0476-664	0
27	0	table-1064-807	0
27	0	table-1162-330	0
27	0	table-1004-610	1
27	0	table-1001-367	0
27	0	table-1004-612	1
27	0	table-0479-525	0
27	0	table-1005-92	0
27	0	table-1004-608	1
27	0	table-1001-347	0
27	0	table-1162-520	0
27	0	table-0843-773	0
27	0	table-1144-353	0
27	0	table-1073-625	0
27	0	table-1004-613	1
27	0	table-0937-257	1
27	0	table-1064-777	0
27	0	table-1577-274	0
27	0	table-1001-424	0
27	0	table-0477-325	0
27	0	table-1000-559	0
27	0	table-1004-614	1
27	0	table-1004-615	1
27	0	table-1116-791	0
27	0	table-0459-438	0
27	0	table-1019-773	0
27	0	table-1346-706	0
27	0	table-1577-253	0
27	0	table-1346-707	0
27	0	table-1346-708	0
27	0	table-0991-907	0
28	0	table-0493-146	0
28	0	table-1143-643	0
28	0	table-0330-714	0
28	0	table-1520-509	0
28	0	table-1252-154	0
28	0	table-0393-382	1
28	0	table-0483-184	0
28	0	table-0863-808	0
28	0	table-1582-687	0
28	0	table-0710-666	0
28	0	table-0022-985	0
28	0	table-0978-501	0
28	0	table-1129-822	0
28	0	table-0164-435	0
28	0	table-0307-10	0
28	0	table-1462-689	0
28	0	table-1359-369	0
28	0	table-0392-118	0
28	0	table-0416-250	0
28	0	table-0117-918	0
28	0	table-1091-190	0
28	0	table-0472-105	0
28	0	table-1145-740	0
28	0	table-0001-990	0
28	0	table-0271-583	0
28	0	table-1145-738	0
28	0	table-0059-999	0
28	0	table-0016-249	0
28	0	table-0300-517	0
28	0	table-1481-632	0
28	0	table-1354-860	0
28	0	table-1239-508	0
28	0	table-1630-840	0
28	0	table-1481-656	0
28	0	table-0532-970	0
28	0	table-1022-644	0
28	0	table-1255-557	0
28	0	table-0998-253	0
28	0	table-1335-516	0
28	0	table-0360-751	0
28	0	table-0925-619	0
28	0	table-1604-497	0
28	0	table-0572-334	0
28	0	table-0968-636	0
28	0	table-0841-661	0
28	0	table-1558-441	0
28	0	table-0646-704	0
28	0	table-1105-137	0
28	0	table-1400-808	0
28	0	table-0929-387	0
28	0	table-0388-558	0
28	0	table-0237-314	0
28	0	table-0815-508	0
28	0	table-1569-704	0
28	0	table-0705-454	0
28	0	table-1051-481	0
28	0	table-1289-732	0
28	0	table-1112-645	0
28	0	table-0097-820	0
28	0	table-1582-686	0
28	0	table-0090-882	0
28	0	table-0230-276	0
28	0	table-1096-940	0
28	0	table-0007-167	0
28	0	table-1378-331	0
29	0	table-0041-13	0
29	0	table-0788-98	1
29	0	table-0570-262	0
29	0	table-0788-100	1
29	0	table-0264-359	1
29	0	table-1433-43	0
29	0	table-1289-297	1
29	0	table-1247-104	0
29	0	table-0040-987	0
29	0	table-1260-916	0
29	0	table-1260-922	0
29	0	table-0262-70	2
29	0	table-1274-683	0
29	0	table-0376-381	0
29	0	table-1323-840	0
29	0	table-1316-2	0
29	0	table-1115-517	0
29	0	table-0789-67	1
29	0	table-1140-138	0
29	0	table-0788-99	1
29	0	table-0465-654	0
29	0	table-1390-395	0
29	0	table-0152-226	1
29	0	table-1422-948	0
29	0	table-0040-997	0
29	0	table-0570-259	0
29	0	table-1041-235	0
29	0	table-0040-969	0
29	0	table-1440-973	0
29	0	table-1260-902	0
29	0	table-0788-101	1
29	0	table-0376-315	1
29	0	table-0040-956	0
29	0	table-0788-102	1
29	0	table-0634-147	1
29	0	table-1260-915	0
29	0	table-1350-888	0
29	0	table-0813-385	1
29	0	table-0638-160	0
29	0	table-0840-746	0
29	0	table-1433-771	0
29	0	table-1323-838	0
29	0	table-0262-72	2
29	0	table-0040-984	0
29	0	table-0040-955	0
29	0	table-1260-880	0
29	0	table-0220-856	1
29	0	table-1260-913	0
30	0	table-1648-241	0
30	0	table-0076-26	0
30	0	table-0572-541	0
30	0	table-1642-55	0
30	0	table-1309-837	0
30	0	table-1385-36	0
30	0	table-1342-496	0
30	0	table-0539-228	0
30	0	table-1648-249	0
30	0	table-1616-588	0
30	0	table-1334-897	0
30	0	table-1337-118	0
30	0	table-0898-523	0
30	0	table-0736-57	0
30	0	table-0898-522	0
30	0	table-1648-190	0
30	0	table-1335-594	0
30	0	table-0549-74	0
30	0	table-1574-318	0
30	0	table-1336-752	0
30	0	table-0819-657	0
30	0	table-1650-515	0
30	0	table-0549-73	0
30	0	table-0710-229	0
30	0	table-1121-738	0
30	0	table-1449-599	0
30	0	table-0891-887	0
30	0	table-0316-190	0
30	0	table-1648-215	0
30	0	table-1054-997	0
30	0	table-1055-588	0
30	0	table-1082-740	0
30	0	table-1634-8	0
30	0	table-1648-177	0
30	0	table-1080-942	0
30	0	table-1601-494	0
30	0	table-1635-703	0
30	0	table-1343-51	0
30	0	table-1642-54	0
30	0	table-1641-362	0
30	0	table-0676-429	0
30	0	table-1601-62	0
30	0	table-0937-365	0
30	0	table-1648-267	0
30	0	table-0587-256	0
30	0	table-0891-885	0
30	0	table-0382-294	0
30	0	table-0477-57	0
30	0	table-0572-545	0
30	0	table-1334-983	0
30	0	table-1335-621	0
30	0	table-1342-513	0
30	0	table-1380-750	0
30	0	table-1604-549	0
30	0	table-1597-528	0
30	0	table-0291-36	0
30	0	table-0572-543	0
30	0	table-0549-75	0
30	0	table-1334-473	0
30	0	table-0709-905	0
30	0	table-1640-663	0
30	0	table-1335-601	0
30	0	table-1505-644	0
30	0	table-1621-761	0
30	0	table-1460-708	0
30	0	table-0572-544	0
30	0	table-0886-18	1
30	0	table-1337-415	0
31	0	table-0192-329	1
31	0	table-1487-730	1
31	0	table-0730-599	1
31	0	table-0992-31	1
31	0	table-1207-459	1
31	0	table-0730-597	1
31	0	table-0861-128	0
31	0	table-0831-777	1
31	0	table-0662-553	2
31	0	table-1207-465	1
31	0	table-1545-328	0
31	0	table-0992-32	1
31	0	table-0662-541	2
31	0	table-0992-25	0
31	0	table-0662-550	2
31	0	table-0730-601	0
31	0	table-1039-956	0
31	0	table-0992-33	0
31	0	table-0662-547	2
31	0	table-1487-731	0
31	0	table-0662-542	2
31	0	table-0861-144	0
31	0	table-0662-548	2
31	0	table-0499-951	1
31	0	table-0778-590	0
31	0	table-0662-552	1
31	0	table-1207-464	0
31	0	table-0831-780	1
31	0	table-0662-545	1
31	0	table-0992-30	1
31	0	table-0772-907	0
31	0	table-1207-466	0
31	0	table-1487-732	2
31	0	table-1592-162	0
31	0	table-0831-781	0
32	0	table-0853-542	0
32	0	table-0975-275	0
32	0	table-1376-754	0
32	0	table-1294-423	0
32	0	table-1508-231	0
32	0	table-0477-872	0
32	0	table-1265-291	0
32	0	table-0527-962	0
32	0	table-1607-686	0
32	0	table-1394-64	0
32	0	table-1203-661	0
32	0	table-0029-665	0
32	0	table-0427-652	0
32	0	table-0320-668	0
32	0	table-1362-735	0
32	0	table-0475-746	0
32	0	table-0099-135	0
32	0	table-0665-673	1
32	0	table-0319-961	0
32	0	table-1519-152	0
32	0	table-0740-641	0
32	0	table-0593-144	0
32	0	table-1353-723	2
32	0	table-1545-128	0
32	0	table-0019-939	0
32	0	table-0876-229	0
32	0	table-0527-967	0
32	0	table-1517-776	0
32	0	table-0242-618	0
32	0	table-0125-518	0
32	0	table-0590-616	0
32	0	table-0099-127	0
32	0	table-0378-290	0
32	0	table-0326-963	0
32	0	table-1455-247	0
32	0	table-0683-369	0
32	0	table-1069-816	1
32	0	table-0973-283	0
32	0	table-1572-639	0
32	0	table-0709-12	0
32	0	table-1597-417	1
32	0	table-1416-151	0
32	0	table-0099-136	0
32	0	table-0669-413	0
32	0	table-0793-390	0
32	0	table-0320-542	0
32	0	table-0099-129	0
32	0	table-1574-711	0
32	0	table-1608-267	0
32	0	table-0527-968	0
32	0	table-0696-751	0
32	0	table-0527-963	0
32	0	table-1434-668	0
32	0	table-0436-639	0
32	0	table-1425-213	0
32	0	table-0319-978	0
32	0	table-1479-761	0
32	0	table-0471-699	0
32	0	table-1619-442	0
32	0	table-0368-241	0
32	0	table-0527-964	0
33	0	table-1454-250	0
33	0	table-1018-716	0
33	0	table-1240-218	0
33	0	table-0044-355	0
33	0	table-0883-914	0
33	0	table-0901-93	0
33	0	table-1065-919	0
33	0	table-0026-234	0
33	0	table-0395-735	0
33	0	table-0472-146	0
33	0	table-1062-761	0
33	0	table-1423-631	0
33	0	table-1185-886	0
33	0	table-0858-427	0
33	0	table-1065-991	0
33	0	table-0088-513	0
33	0	table-0797-674	0
33	0	table-0815-272	0
33	0	table-0998-221	0
33	0	table-0507-159	0
33	0	table-0650-333	1
33	0	table-0873-799	0
33	0	table-0785-443	0
33	0	table-0956-22	0
33	0	table-0862-575	0
33	0	table-0399-282	0
33	0	table-1495-111	0
33	0	table-0553-831	0
33	0	table-0838-701	0
33	0	table-1062-760	0
33	0	table-0882-346	0
33	0	table-0630-313	0
33	0	table-0232-456	0
33	0	table-1057-834	0
33	0	table-0788-953	0
33	0	table-1002-364	0
33	0	table-0333-179	0
33	0	table-0610-240	0
33	0	table-0841-684	0
33	0	table-0934-631	0
33	0	table-0465-733	0
33	0	table-0364-880	0
33	0	table-1181-902	0
33	0	table-1166-747	1
33	0	table-0999-531	0
33	0	table-0470-188	0
33	0	table-0136-657	0
33	0	table-0650-334	0
33	0	table-0472-147	0
33	0	table-0690-998	0
33	0	table-0548-703	0
33	0	table-1653-68	0
33	0	table-1196-356	0
33	0	table-0548-704	0
33	0	table-0739-854	0
33	0	table-1324-935	0
33	0	table-0685-66	0
33	0	table-0685-65	0
33	0	table-0333-180	0
33	0	table-1065-429	0
33	0	table-1011-253	0
33	0	table-0363-71	0
33	0	table-0465-468	0
34	0	table-1354-844	0
34	0	table-1264-449	0
34	0	table-0888-993	0
34	0	table-0517-8	0
34	0	table-1223-489	0
34	0	table-1610-97	0
34	0	table-0183-204	0
34	0	table-1003-908	0
34	0	table-1574-578	0
34	0	table-0301-287	1
34	0	table-0815-279	0
34	0	table-0356-403	0
34	0	table-1509-156	0
34	0	table-0301-282	1
34	0	table-0744-148	0
34	0	table-1408-636	0
34	0	table-0052-912	0
34	0	table-0635-778	0
34	0	table-0092-457	0
34	0	table-0301-286	1
34	0	table-1643-30	0
34	0	table-0813-65	2
34	0	table-0446-783	0
34	0	table-0196-601	0
34	0	table-1449-240	0
34	0	table-0301-288	1
34	0	table-0135-889	0
34	0	table-1338-420	0
34	0	table-0301-283	1
34	0	table-0324-327	0
34	0	table-0301-285	1
34	0	table-0649-278	0
34	0	table-0547-678	0
34	0	table-1556-262	0
34	0	table-0666-449	0
34	0	table-0349-544	0
34	0	table-1349-101	0
34	0	table-0317-460	0
34	0	table-0687-12	0
34	0	table-1426-440	0
34	0	table-1548-855	0
34	0	table-1577-929	0
34	0	table-1225-115	0
34	0	table-1539-756	0
34	0	table-1410-196	0
34	0	table-0016-653	0
34	0	table-1493-108	0
34	0	table-0301-289	1
34	0	table-1556-988	0
34	0	table-0301-284	1
35	0	table-0215-763	0
35	0	table-0930-126	0
35	0	table-0772-931	1
35	0	table-1370-913	0
35	0	table-0749-46	0
35	0	table-1055-945	0
35	0	table-1449-194	0
35	0	table-1055-943	0
35	0	table-0363-312	0
35	0	table-0818-179	2
35	0	table-1084-341	0
35	0	table-0362-453	0
35	0	table-0005-966	0
35	0	table-1449-98	0
35	0	table-0818-178	2
35	0	table-0361-969	0
35	0	table-0005-962	0
35	0	table-0005-967	0
35	0	table-1055-944	0
35	0	table-0215-766	0
35	0	table-0422-412	0
35	0	table-0005-970	0
35	0	table-1352-914	0
35	0	table-0818-177	2
35	0	table-0099-299	0
35	0	table-0801-781	0
35	0	table-1055-936	0
35	0	table-0801-777	1
35	0	table-0818-182	2
35	0	table-0616-500	0
35	0	table-0818-183	2
35	0	table-0532-509	0
35	0	table-0706-368	0
35	0	table-1372-732	0
35	0	table-0005-961	1
35	0	table-0801-780	1
35	0	table-0118-255	0
35	0	table-0355-334	0
35	0	table-0005-969	1
35	0	table-1642-486	0
35	0	table-0801-778	1
35	0	table-0363-276	0
35	0	table-1055-935	0
35	0	table-1436-383	0
35	0	table-0705-757	0
35	0	table-0772-933	1
35	0	table-0422-400	0
35	0	table-0099-297	0
35	0	table-0801-779	0
35	0	table-0422-401	0
35	0	table-0154-470	0
35	0	table-0804-969	0
35	0	table-0729-897	0
35	0	table-0215-757	0
35	0	table-0772-934	0
35	0	table-0422-404	0
35	0	table-0568-815	0
35	0	table-0772-932	0
35	0	table-0422-405	0
35	0	table-1238-477	0
35	0	table-0866-539	0
36	0	table-1627-994	0
36	0	table-0398-173	0
36	0	table-1519-646	0
36	0	table-0887-418	0
36	0	table-0819-682	0
36	0	table-0933-767	0
36	0	table-0710-219	0
36	0	table-0747-103	0
36	0	table-0882-645	0
36	0	table-0780-48	0
36	0	table-1618-553	0
36	0	table-0456-74	0
36	0	table-0994-107	0
36	0	table-0214-910	0
36	0	table-1618-539	0
36	0	table-0465-743	0
36	0	table-0266-105	0
36	0	table-1415-449	0
36	0	table-1485-543	0
36	0	table-0598-204	0
36	0	table-1476-546	0
36	0	table-0525-575	0
36	0	table-0304-181	0
36	0	table-0780-45	0
36	0	table-1044-384	0
36	0	table-1489-863	0
36	0	table-1534-682	0
36	0	table-1092-76	0
36	0	table-0780-47	0
36	0	table-0245-23	0
36	0	table-0363-229	0
36	0	table-0465-777	0
36	0	table-1142-21	0
36	0	table-0492-354	0
36	0	table-0455-876	0
36	0	table-1334-17	0
36	0	table-1640-616	0
36	0	table-0303-595	0
36	0	table-0719-579	0
36	0	table-0095-480	0
36	0	table-1477-786	0
36	0	table-0364-170	2
36	0	table-1544-249	0
36	0	table-1612-133	0
36	0	table-0260-350	0
36	0	table-0919-678	0
36	0	table-0976-352	0
36	0	table-1543-584	0
36	0	table-1500-285	0
36	0	table-1630-488	0
36	0	table-1355-687	1
36	0	table-0888-286	0
36	0	table-0932-156	0
36	0	table-1460-944	0
36	0	table-1296-402	0
36	0	table-1404-893	0
36	0	table-1618-556	0
37	0	table-1110-813	0
37	0	table-0450-634	0
37	0	table-1271-970	0
37	0	table-0857-102	0
37	0	table-1095-674	0
37	0	table-0463-142	0
37	0	table-0891-253	0
37	0	table-1392-179	0
37	0	table-0023-142	0
37	0	table-1267-264	0
37	0	table-0867-338	0
37	0	table-1252-443	0
37	0	table-1576-212	0
37	0	table-1392-177	0
37	0	table-1336-402	0
37	0	table-0689-361	1
37	0	table-1264-110	0
37	0	table-0764-992	0
37	0	table-1138-122	0
37	0	table-1311-136	0
37	0	table-1270-464	0
37	0	table-1029-597	0
37	0	table-0494-50	0
37	0	table-1342-164	0
37	0	table-0740-911	0
37	0	table-0459-320	0
37	0	table-0407-331	0
37	0	table-0407-332	0
37	0	table-0626-904	1
37	0	table-0407-328	0
37	0	table-0762-891	0
37	0	table-0823-561	0
37	0	table-0459-318	0
37	0	table-1338-950	0
37	0	table-0972-608	0
37	0	table-0822-798	0
37	0	table-0891-254	0
37	0	table-0636-961	0
37	0	table-0899-439	0
37	0	table-0889-470	0
37	0	table-0407-330	0
37	0	table-0407-329	0
37	0	table-1234-26	0
37	0	table-1392-178	0
37	0	table-0891-251	0
37	0	table-0537-194	0
37	0	table-0762-904	0
37	0	table-0494-49	0
37	0	table-0164-468	0
37	0	table-0703-186	0
37	0	table-0716-610	0
37	0	table-0891-256	0
37	0	table-0891-257	0
37	0	table-1624-230	0
37	0	table-0407-333	0
37	0	table-0915-924	0
37	0	table-0891-255	0
37	0	table-1225-212	0
37	0	table-0459-321	0
37	0	table-0023-143	0
37	0	table-1039-641	0
37	0	table-1392-181	0
37	0	table-1218-779	0
38	0	table-1265-829	0
38	0	table-0226-938	0
38	0	table-0326-2	0
38	0	table-0133-942	0
38	0	table-0989-553	0
38	0	table-1519-251	0
38	0	table-0395-152	0
38	0	table-1112-35	2
38	0	table-0759-387	0
38	0	table-0749-291	2
38	0	table-1112-31	0
38	0	table-0776-489	0
38	0	table-0478-549	0
38	0	table-0400-567	0
38	0	table-0809-459	0
38	0	table-0264-914	0
38	0	table-0452-987	0
38	0	table-0933-897	0
38	0	table-1118-966	0
38	0	table-1118-967	0
38	0	table-0797-109	0
38	0	table-0755-976	0
38	0	table-1239-799	0
38	0	table-0721-824	0
38	0	table-1009-340	0
38	0	table-0165-890	0
38	0	table-0749-293	0
38	0	table-1285-591	0
38	0	table-1112-729	0
38	0	table-1112-37	0
38	0	table-0747-305	0
38	0	table-1427-908	1
38	0	table-0615-938	0
38	0	table-0762-669	0
38	0	table-0756-686	0
38	0	table-1286-572	0
38	0	table-1279-593	0
38	0	table-1285-585	0
38	0	table-1276-160	1
38	0	table-1558-844	0
38	0	table-0797-87	0
38	0	table-0924-14	1
38	0	table-1534-911	0
38	0	table-0227-264	0
38	0	table-0804-113	0
38	0	table-1060-229	0
38	0	table-0530-729	0
38	0	table-1285-586	0
38	0	table-0559-23	0
38	0	table-0897-738	0
38	0	table-0133-943	0
38	0	table-0923-617	0
38	0	table-0221-930	0
38	0	table-0721-823	0
38	0	table-0791-970	0
38	0	table-0373-886	0
38	0	table-1112-36	0
38	0	table-0642-829	0
38	0	table-0340-339	0
39	0	table-0678-674	2
39	0	table-0678-695	2
39	0	table-0678-703	2
39	0	table-0678-665	2
39	0	table-0678-673	2
39	0	table-0678-671	2
39	0	table-0678-693	2
39	0	table-0887-877	0
39	0	table-0678-688	2
39	0	table-0678-677	2
39	0	table-0678-666	2
39	0	table-0347-191	0
39	0	table-0347-183	0
39	0	table-0678-664	2
39	0	table-0678-680	2
39	0	table-0678-689	2
39	0	table-0347-184	0
39	0	table-0347-202	0
39	0	table-1592-769	0
39	0	table-0892-202	0
39	0	table-0477-157	0
39	0	table-0678-667	2
39	0	table-0678-702	2
39	0	table-0678-672	2
39	0	table-0678-685	2
39	0	table-0469-545	0
39	0	table-0354-7	0
39	0	table-0347-188	0
39	0	table-0678-686	2
39	0	table-0678-668	2
39	0	table-1487-856	0
39	0	table-0933-113	0
39	0	table-0678-670	2
39	0	table-0678-683	2
39	0	table-0403-680	2
39	0	table-0678-679	2
39	0	table-0354-5	0
39	0	table-0678-681	2
39	0	table-0678-701	2
39	0	table-0678-669	2
39	0	table-0678-675	2
39	0	table-0347-194	0
39	0	table-1479-736	0
39	0	table-0347-186	0
39	0	table-0403-679	2
39	0	table-0678-696	2
39	0	table-0678-692	2
39	0	table-0678-699	2
39	0	table-0678-694	2
40	0	table-0864-449	0
40	0	table-1379-568	0
40	0	table-1379-570	0
40	0	table-1602-743	0
40	0	table-0577-976	0
40	0	table-0886-748	0
40	0	table-1168-568	0
40	0	table-1547-904	0
40	0	table-1582-121	0
40	0	table-1106-336	0
40	0	table-0295-171	0
40	0	table-1432-83	0
40	0	table-0206-204	1
40	0	table-0238-249	0
40	0	table-1547-464	0
40	0	table-0238-248	0
40	0	table-0948-199	0
40	0	table-0946-208	0
40	0	table-0301-464	0
40	0	table-0419-439	0
40	0	table-1309-421	0
40	0	table-1144-536	0
40	0	table-0426-245	0
40	0	table-1178-422	0
40	0	table-0672-155	0
40	0	table-0479-721	0
40	0	table-1424-725	0
40	0	table-0579-758	0
40	0	table-0480-385	0
40	0	table-0037-217	0
40	0	table-0339-772	0
40	0	table-1328-746	0
40	0	table-0954-88	0
40	0	table-0687-461	0
40	0	table-0664-986	0
40	0	table-0678-391	0
40	0	table-0175-302	0
40	0	table-1345-667	0
40	0	table-0687-482	0
40	0	table-1550-335	0
40	0	table-1633-353	0
40	0	table-1409-547	0
40	0	table-0452-823	0
40	0	table-0006-546	0
40	0	table-0140-937	0
40	0	table-1547-465	0
40	0	table-0708-172	0
40	0	table-0552-242	0
40	0	table-0061-340	0
40	0	table-0687-479	0
40	0	table-0480-416	0
40	0	table-0498-802	0
40	0	table-0074-884	0
40	0	table-0618-64	0
40	0	table-0320-274	0
40	0	table-1379-571	0
40	0	table-1379-569	0
40	0	table-0687-462	0
40	0	table-1121-856	0
40	0	table-1327-259	0
40	0	table-0657-822	0
40	0	table-0803-237	0
40	0	table-1243-202	0
41	0	table-0048-937	0
41	0	table-1329-810	0
41	0	table-1038-829	0
41	0	table-1485-19	0
41	0	table-0517-704	0
41	0	table-1038-823	0
41	0	table-1501-973	0
41	0	table-0493-396	0
41	0	table-1514-250	0
41	0	table-1338-591	0
41	0	table-1464-87	0
41	0	table-0802-800	0
41	0	table-1493-637	1
41	0	table-0446-281	0
41	0	table-1454-404	0
41	0	table-1495-279	0
41	0	table-1353-417	0
41	0	table-1038-827	0
41	0	table-0802-802	0
41	0	table-0420-686	0
41	0	table-1038-822	0
41	0	table-1038-824	0
41	0	table-1353-418	0
41	0	table-1385-235	0
41	0	table-1038-825	0
41	0	table-0017-844	0
41	0	table-1485-18	0
41	0	table-0446-279	0
41	0	table-1343-857	0
41	0	table-1250-620	0
41	0	table-1332-395	0
41	0	table-1437-832	0
41	0	table-0776-335	0
41	0	table-0014-508	0
41	0	table-0226-821	0
41	0	table-1344-897	0
41	0	table-1038-821	0
41	0	table-1505-715	0
41	0	table-1632-732	1
41	0	table-1192-526	1
41	0	table-1257-752	0
41	0	table-1479-354	0
41	0	table-0889-879	0
41	0	table-0802-799	0
41	0	table-1465-442	1
41	0	table-1633-784	0
41	0	table-1038-830	0
41	0	table-0197-632	1
41	0	table-0106-945	1
41	0	table-1164-48	0
42	0	table-0984-186	0
42	0	table-1612-32	0
42	0	table-0984-187	0
42	0	table-0984-166	2
42	0	table-0685-822	0
42	0	table-0984-164	2
42	0	table-0679-719	0
42	0	table-1505-480	0
42	0	table-1610-426	0
42	0	table-0984-184	0
42	0	table-0599-629	0
42	0	table-1641-385	0
42	0	table-0599-635	0
42	0	table-0984-189	0
42	0	table-1505-725	0
42	0	table-0984-168	2
42	0	table-0984-165	2
42	0	table-1642-530	0
42	0	table-1427-30	0
42	0	table-0313-147	0
42	0	table-1219-320	0
42	0	table-0599-628	0
42	0	table-0599-626	0
42	0	table-0984-163	2
42	0	table-0984-167	2
42	0	table-0984-185	0
42	0	table-1619-135	0
42	0	table-0599-625	0
42	0	table-1342-774	0
42	0	table-0641-342	0
42	0	table-0599-630	0
42	0	table-0599-634	2
42	0	table-0984-188	0
42	0	table-1375-660	0
42	0	table-1572-611	0
42	0	table-1422-507	0
42	0	table-0525-678	0
42	0	table-0599-631	0
43	0	table-0048-937	0
43	0	table-0307-948	0
43	0	table-1401-654	0
43	0	table-1483-223	0
43	0	table-0228-806	2
43	0	table-1483-230	0
43	0	table-0223-613	0
43	0	table-1496-915	0
43	0	table-0219-803	0
43	0	table-1366-72	0
43	0	table-1401-659	0
43	0	table-0325-904	0
43	0	table-0300-55	0
43	0	table-1410-443	0
43	0	table-0228-807	2
43	0	table-1584-563	0
43	0	table-1126-517	0
43	0	table-1383-759	0
43	0	table-1483-226	0
43	0	table-0874-64	0
43	0	table-1478-274	0
43	0	table-1067-795	0
43	0	table-0636-31	0
43	0	table-1572-556	0
43	0	table-0420-686	0
43	0	table-0071-431	0
43	0	table-1028-593	0
43	0	table-1088-679	0
43	0	table-1028-594	0
43	0	table-0470-359	0
43	0	table-0573-748	0
43	0	table-0988-842	0
43	0	table-0657-362	0
43	0	table-0228-810	2
43	0	table-0391-426	0
43	0	table-1356-507	0
43	0	table-0734-427	0
43	0	table-1573-437	0
43	0	table-0027-166	0
43	0	table-0734-719	0
43	0	table-0915-305	0
43	0	table-1032-186	1
43	0	table-0228-811	2
43	0	table-1455-532	0
43	0	table-0667-431	1
43	0	table-0713-121	0
43	0	table-0480-230	0
43	0	table-0752-165	0
43	0	table-0172-710	0
43	0	table-0009-759	0
43	0	table-1387-920	0
43	0	table-1483-227	0
43	0	table-0805-12	0
43	0	table-0630-402	0
43	0	table-0353-628	0
43	0	table-0228-808	2
43	0	table-1366-73	0
44	0	table-0720-325	0
44	0	table-0144-215	0
44	0	table-0347-339	0
44	0	table-1575-841	0
44	0	table-1605-380	0
44	0	table-0228-48	0
44	0	table-1633-325	0
44	0	table-0023-289	0
44	0	table-0204-899	0
44	0	table-0215-740	0
44	0	table-0603-577	0
44	0	table-0595-28	0
44	0	table-0071-325	0
44	0	table-0527-825	0
44	0	table-1653-740	0
44	0	table-0254-461	0
44	0	table-0598-158	1
44	0	table-0933-303	0
44	0	table-1635-586	0
44	0	table-0512-210	2
44	0	table-1471-492	0
44	0	table-1217-358	0
44	0	table-0506-954	0
44	0	table-1563-930	0
44	0	table-1628-382	0
44	0	table-0619-851	0
44	0	table-0512-726	1
44	0	table-0512-724	1
44	0	table-0512-215	1
44	0	table-0485-649	1
44	0	table-0690-173	0
44	0	table-1479-62	0
44	0	table-1575-855	0
44	0	table-0512-727	1
44	0	table-1575-750	0
44	0	table-0886-773	0
44	0	table-0709-456	0
44	0	table-0485-653	1
44	0	table-0886-759	0
44	0	table-0196-977	0
44	0	table-0512-216	1
44	0	table-0942-27	0
44	0	table-0512-731	1
44	0	table-0598-172	1
44	0	table-0512-725	1
44	0	table-0228-47	1
44	0	table-0186-553	1
44	0	table-0874-232	0
44	0	table-0506-945	0
44	0	table-1186-144	0
44	0	table-0506-938	0
44	0	table-0512-214	1
44	0	table-0204-900	0
44	0	table-0512-730	1
44	0	table-0933-375	0
44	0	table-1575-407	0
44	0	table-0293-769	0
44	0	table-0537-682	1
44	0	table-0465-589	0
44	0	table-0512-194	2
44	0	table-1633-395	0
45	0	table-0186-149	0
45	0	table-0794-492	1
45	0	table-0138-344	1
45	0	table-0576-273	0
45	0	table-0794-673	0
45	0	table-0797-636	0
45	0	table-0562-37	0
45	0	table-0137-850	0
45	0	table-0485-781	0
45	0	table-0751-34	0
45	0	table-0751-36	0
45	0	table-0794-97	0
45	0	table-0233-845	0
45	0	table-0905-661	0
45	0	table-0138-348	0
45	0	table-0263-393	0
45	0	table-0485-842	0
45	0	table-0795-441	0
45	0	table-0050-262	0
45	0	table-0438-852	0
45	0	table-0795-419	0
45	0	table-1372-490	0
45	0	table-0794-96	0
45	0	table-0686-449	0
45	0	table-0874-797	0
45	0	table-0238-647	0
45	0	table-0414-853	0
45	0	table-0914-133	0
45	0	table-0720-291	0
45	0	table-0360-446	0
45	0	table-0714-609	0
45	0	table-1407-659	0
45	0	table-0795-422	0
45	0	table-0794-29	0
45	0	table-0794-689	0
45	0	table-0714-589	0
45	0	table-0137-871	1
45	0	table-1295-967	0
45	0	table-1082-869	0
45	0	table-1276-935	0
45	0	table-0788-394	0
45	0	table-0059-526	0
45	0	table-0794-787	1
45	0	table-0949-673	0
45	0	table-0797-213	0
45	0	table-0137-866	0
45	0	table-0268-940	0
45	0	table-0243-309	0
45	0	table-0793-312	0
45	0	table-0795-424	0
45	0	table-1379-483	0
45	0	table-0794-18	0
45	0	table-1006-159	0
45	0	table-0630-474	0
45	0	table-0423-293	1
45	0	table-1546-23	0
45	0	table-0406-983	0
45	0	table-0797-735	1
45	0	table-0410-536	0
45	0	table-0714-599	1
45	0	table-0558-679	0
45	0	table-0802-165	0
46	0	table-1312-94	0
46	0	table-1514-865	0
46	0	table-0715-410	0
46	0	table-0631-765	0
46	0	table-0154-681	0
46	0	table-0379-46	0
46	0	table-1037-558	0
46	0	table-1312-95	0
46	0	table-0162-656	0
46	0	table-1080-172	0
46	0	table-0354-510	0
46	0	table-1182-185	0
46	0	table-0638-94	0
46	0	table-0707-984	0
46	0	table-1614-948	0
46	0	table-0563-909	1
46	0	table-0623-842	0
46	0	table-0920-121	0
46	0	table-1270-431	0
46	0	table-0015-109	0
46	0	table-0422-522	0
46	0	table-0499-507	0
46	0	table-0015-110	0
46	0	table-0564-584	0
46	0	table-0708-502	0
46	0	table-1280-947	0
46	0	table-0743-461	0
46	0	table-0173-126	0
46	0	table-1055-361	0
46	0	table-0467-206	0
46	0	table-0495-307	0
46	0	table-0411-904	0
46	0	table-1080-170	0
46	0	table-1514-866	0
46	0	table-0506-932	0
46	0	table-0417-911	0
46	0	table-0341-366	0
46	0	table-1399-24	0
46	0	table-0790-836	0
46	0	table-0468-674	0
46	0	table-1055-362	0
46	0	table-1550-831	0
46	0	table-0876-167	0
46	0	table-1002-833	0
46	0	table-0791-500	0
46	0	table-1279-356	0
46	0	table-0814-517	1
46	0	table-1010-118	0
46	0	table-0015-111	0
46	0	table-1458-212	0
46	0	table-1108-840	0
46	0	table-0847-540	0
46	0	table-0087-189	0
46	0	table-1080-171	0
46	0	table-0367-68	0
47	0	table-1582-390	0
47	0	table-1621-724	0
47	0	table-1021-493	0
47	0	table-0198-157	0
47	0	table-0216-945	0
47	0	table-0338-699	0
47	0	table-1614-41	0
47	0	table-1488-709	0
47	0	table-0337-336	0
47	0	table-1617-6	0
47	0	table-0931-76	0
47	0	table-0337-66	0
47	0	table-0338-589	0
47	0	table-0338-566	0
47	0	table-0004-565	0
47	0	table-1648-576	0
47	0	table-0198-140	0
47	0	table-1639-201	0
47	0	table-1488-663	0
47	0	table-0198-162	0
47	0	table-0347-565	0
47	0	table-1638-930	0
47	0	table-1342-298	0
47	0	table-0931-162	0
47	0	table-0337-186	0
47	0	table-0235-308	0
47	0	table-1544-815	0
47	0	table-0891-920	0
47	0	table-0295-273	0
47	0	table-0337-190	0
47	0	table-1069-561	0
47	0	table-1634-970	0
47	0	table-0198-141	0
47	0	table-1488-707	0
47	0	table-0198-147	0
47	0	table-0198-156	0
47	0	table-0337-62	0
47	0	table-0214-680	0
47	0	table-1617-8	0
47	0	table-1485-466	0
47	0	table-0931-189	0
47	0	table-0427-475	0
47	0	table-1631-777	0
47	0	table-1607-867	0
47	0	table-1549-124	0
47	0	table-1152-136	0
47	0	table-0198-150	0
47	0	table-1479-769	0
47	0	table-1071-88	0
47	0	table-1002-10	0
47	0	table-0427-225	0
47	0	table-0931-192	0
47	0	table-1479-724	0
47	0	table-1488-706	0
47	0	table-0337-447	0
47	0	table-0338-297	0
47	0	table-0336-859	0
47	0	table-1491-841	0
47	0	table-0337-53	0
47	0	table-1479-832	0
47	0	table-0427-559	0
47	0	table-1626-157	0
48	0	table-0420-647	1
48	0	table-0517-770	0
48	0	table-0435-20	0
48	0	table-1408-407	0
48	0	table-1511-198	0
48	0	table-1487-714	0
48	0	table-1635-455	0
48	0	table-0320-322	0
48	0	table-1099-612	0
48	0	table-1488-962	0
48	0	table-0506-74	0
48	0	table-1359-483	0
48	0	table-0034-658	0
48	0	table-1487-719	0
48	0	table-1410-187	0
48	0	table-0503-469	1
48	0	table-0268-479	0
48	0	table-1487-722	0
48	0	table-0420-116	0
48	0	table-0072-922	0
48	0	table-0270-967	0
48	0	table-0159-624	0
48	0	table-1119-646	0
48	0	table-0498-108	0
48	0	table-0448-919	0
48	0	table-1454-273	0
48	0	table-1120-90	0
48	0	table-1628-999	0
48	0	table-0273-148	0
48	0	table-0420-649	0
48	0	table-0268-480	0
48	0	table-0233-575	0
48	0	table-0374-35	0
48	0	table-0207-948	0
48	0	table-0032-162	0
48	0	table-0431-807	0
48	0	table-0676-905	0
48	0	table-1487-718	0
48	0	table-1487-717	0
48	0	table-0220-161	0
48	0	table-1405-717	0
48	0	table-1281-404	0
48	0	table-1255-570	0
48	0	table-0251-194	0
48	0	table-0034-657	0
48	0	table-1581-148	0
48	0	table-1647-253	1
48	0	table-0498-430	0
48	0	table-0491-547	0
48	0	table-1361-781	0
48	0	table-1612-476	0
48	0	table-1408-406	0
48	0	table-0329-889	0
48	0	table-1354-555	0
48	0	table-0420-653	2
48	0	table-0503-571	0
48	0	table-0296-234	0
48	0	table-1281-402	0
48	0	table-0149-594	0
48	0	table-1492-538	1
48	0	table-1487-720	1
49	0	table-0105-143	1
49	0	table-0788-734	1
49	0	table-1472-73	1
49	0	table-1579-176	1
49	0	table-0832-841	0
49	0	table-1494-538	1
49	0	table-1166-905	0
49	0	table-1474-275	1
49	0	table-1030-562	0
49	0	table-1123-2	0
49	0	table-1318-604	0
49	0	table-1543-560	1
49	0	table-1333-795	0
49	0	table-1483-77	1
49	0	table-0037-418	0
49	0	table-1498-681	1
49	0	table-0714-362	0
49	0	table-0044-939	0
49	0	table-0691-374	0
49	0	table-0104-715	1
49	0	table-1474-172	1
49	0	table-1396-813	0
49	0	table-0826-280	1
49	0	table-1330-248	0
49	0	table-1419-461	1
49	0	table-0463-183	1
49	0	table-1123-780	0
49	0	table-0691-237	0
49	0	table-0752-769	1
49	0	table-1122-940	0
49	0	table-1504-795	1
49	0	table-1122-995	0
49	0	table-0444-42	0
49	0	table-1318-606	0
49	0	table-1474-63	1
49	0	table-1038-668	0
49	0	table-0451-10	0
49	0	table-1474-135	0
49	0	table-1038-666	0
49	0	table-0691-254	0
49	0	table-1122-992	0
49	0	table-0403-235	0
49	0	table-0210-614	0
49	0	table-1505-69	1
49	0	table-0378-984	0
49	0	table-1122-994	0
49	0	table-1488-513	1
49	0	table-1400-152	1
49	0	table-1064-445	0
49	0	table-1123-518	0
49	0	table-0928-839	0
49	0	table-0379-3	1
49	0	table-1578-855	1
49	0	table-0921-741	0
49	0	table-1123-496	0
49	0	table-0859-795	0
49	0	table-1509-375	0
49	0	table-1394-569	1
49	0	table-1122-960	0
49	0	table-1123-763	0
50	0	table-1185-385	0
50	0	table-1280-509	0
50	0	table-1157-862	0
50	0	table-1129-248	0
50	0	table-1325-293	0
50	0	table-1254-643	0
50	0	table-0733-680	0
50	0	table-1024-434	0
50	0	table-1245-819	0
50	0	table-1289-910	0
50	0	table-1206-189	0
50	0	table-1265-377	0
50	0	table-1081-927	0
50	0	table-1065-888	0
50	0	table-1326-918	0
50	0	table-1224-807	0
50	0	table-0760-814	0
50	0	table-0998-870	0
50	0	table-1293-398	0
50	0	table-1244-149	2
50	0	table-0901-144	0
50	0	table-0158-439	0
50	0	table-1541-609	0
50	0	table-1239-23	0
50	0	table-1259-181	0
50	0	table-1012-59	0
50	0	table-1346-574	0
50	0	table-0750-238	0
50	0	table-1023-54	0
50	0	table-0798-84	0
50	0	table-1259-921	0
50	0	table-1096-605	0
50	0	table-1294-602	0
50	0	table-1244-825	0
50	0	table-1245-72	0
50	0	table-1223-915	0
50	0	table-1224-592	0
50	0	table-1005-220	0
50	0	table-1073-249	0
50	0	table-1270-315	0
50	0	table-0982-537	0
50	0	table-1187-694	0
50	0	table-1223-313	0
50	0	table-1342-63	0
50	0	table-1280-997	0
50	0	table-1108-275	0
50	0	table-1272-650	0
50	0	table-1026-964	0
50	0	table-1243-697	0
50	0	table-1034-346	0
50	0	table-1191-683	0
50	0	table-1008-963	0
50	0	table-1227-699	0
50	0	table-1012-58	0
